Name,Accuracy,BasePower,Category,PP,Type,Effect,NameLower
10000000VoltThunderbolt,TRUE,195,Special,1,Electric,None,10000000voltthunderbolt
Absorb,100,20,Special,25,Grass,None,absorb
Accelerock,100,40,Physical,20,Rock,None,accelerock
Acid,100,40,Special,30,Poison,None,acid
AcidArmor,TRUE,0,Status,20,Poison,None,acidarmor
AcidDownpour,TRUE,1,Physical,1,Poison,None,aciddownpour
AcidSpray,100,40,Special,20,Poison,None,acidspray
Acrobatics,100,55,Physical,15,Flying,None,acrobatics
Acupressure,TRUE,0,Status,30,Normal,None,acupressure
AerialAce,TRUE,60,Physical,20,Flying,None,aerialace
Aeroblast,95,100,Special,5,Flying,None,aeroblast
AfterYou,TRUE,0,Status,15,Normal,None,afteryou
Agility,TRUE,0,Status,30,Psychic,None,agility
AirCutter,95,60,Special,25,Flying,None,aircutter
AirSlash,95,75,Special,15,Flying,chance:30|effect:flinch,airslash
All-OutPummeling,TRUE,1,Physical,1,Fighting,None,all-outpummeling
AllySwitch,TRUE,0,Status,15,Psychic,None,allyswitch
Amnesia,TRUE,0,Status,20,Psychic,None,amnesia
AnchorShot,100,80,Physical,20,Steel,None,anchorshot
AncientPower,100,60,Special,5,Rock,None,ancientpower
AppleAcid,100,80,Special,10,Grass,None,appleacid
AquaCutter,100,70,Physical,20,Water,None,aquacutter
AquaJet,100,40,Physical,20,Water,None,aquajet
AquaRing,TRUE,0,Status,20,Water,None,aquaring
AquaStep,100,80,Physical,10,Water,None,aquastep
AquaTail,90,90,Physical,10,Water,None,aquatail
ArmorCannon,100,120,Special,5,Fire,None,armorcannon
ArmThrust,100,15,Physical,20,Fighting,None,armthrust
Aromatherapy,TRUE,0,Status,5,Grass,None,aromatherapy
AromaticMist,TRUE,0,Status,20,Fairy,None,aromaticmist
Assist,TRUE,0,Status,20,Normal,None,assist
Assurance,100,60,Physical,10,Dark,None,assurance
Astonish,100,30,Physical,15,Ghost,chance:30|effect:flinch,astonish
AstralBarrage,100,120,Special,5,Ghost,None,astralbarrage
AttackOrder,100,90,Physical,15,Bug,None,attackorder
Attract,100,0,Status,15,Normal,None,attract
AuraSphere,TRUE,80,Special,20,Fighting,None,aurasphere
AuraWheel,100,110,Physical,10,Electric,None,aurawheel
AuroraBeam,100,65,Special,20,Ice,None,aurorabeam
AuroraVeil,TRUE,0,Status,20,Ice,None,auroraveil
Autotomize,TRUE,0,Status,15,Steel,None,autotomize
Avalanche,100,60,Physical,10,Ice,None,avalanche
AxeKick,90,120,Physical,10,Fighting,chance:30|effect:confusion,axekick
Baby-DollEyes,100,0,Status,30,Fairy,None,baby-dolleyes
BaddyBad,95,80,Special,15,Dark,None,baddybad
BanefulBunker,TRUE,0,Status,10,Poison,None,banefulbunker
BarbBarrage,100,60,Physical,10,Poison,chance:50|effect:psn,barbbarrage
Barrage,85,15,Physical,20,Normal,None,barrage
Barrier,TRUE,0,Status,20,Psychic,None,barrier
BatonPass,TRUE,0,Status,40,Normal,None,batonpass
BeakBlast,100,100,Physical,15,Flying,None,beakblast
BeatUp,100,0,Physical,10,Dark,None,beatup
BehemothBash,100,100,Physical,5,Steel,None,behemothbash
BehemothBlade,100,100,Physical,5,Steel,None,behemothblade
Belch,90,120,Special,10,Poison,None,belch
BellyDrum,TRUE,0,Status,10,Normal,None,bellydrum
Bestow,TRUE,0,Status,15,Normal,None,bestow
Bide,TRUE,0,Physical,10,Normal,None,bide
Bind,85,15,Physical,20,Normal,None,bind
Bite,100,60,Physical,25,Dark,chance:30|effect:flinch,bite
BitterBlade,100,90,Physical,10,Fire,None,bitterblade
BitterMalice,100,75,Special,10,Ghost,None,bittermalice
BlackHoleEclipse,TRUE,1,Physical,1,Dark,None,blackholeeclipse
BlastBurn,90,150,Special,5,Fire,None,blastburn
BlazeKick,90,85,Physical,10,Fire,chance:10|effect:brn,blazekick
BlazingTorque,100,80,Physical,10,Fire,chance:30|effect:brn,blazingtorque
BleakwindStorm,80,100,Special,10,Flying,None,bleakwindstorm
Blizzard,70,110,Special,5,Ice,chance:10|effect:frz,blizzard
Block,TRUE,0,Status,5,Normal,None,block
BloomDoom,TRUE,1,Physical,1,Grass,None,bloomdoom
BlueFlare,85,130,Special,5,Fire,chance:20|effect:brn,blueflare
BodyPress,100,80,Physical,10,Fighting,None,bodypress
BodySlam,100,85,Physical,15,Normal,chance:30|effect:par,bodyslam
BoltBeak,100,85,Physical,10,Electric,None,boltbeak
BoltStrike,85,130,Physical,5,Electric,chance:20|effect:par,boltstrike
BoneClub,85,65,Physical,20,Ground,chance:10|effect:flinch,boneclub
Bonemerang,90,50,Physical,10,Ground,None,bonemerang
BoneRush,90,25,Physical,10,Ground,None,bonerush
Boomburst,100,140,Special,10,Normal,None,boomburst
Bounce,85,85,Physical,5,Flying,chance:30|effect:par,bounce
BouncyBubble,100,60,Special,20,Water,None,bouncybubble
BranchPoke,100,40,Physical,40,Grass,None,branchpoke
BraveBird,100,120,Physical,15,Flying,None,bravebird
BreakingSwipe,100,60,Physical,15,Dragon,None,breakingswipe
BreakneckBlitz,TRUE,1,Physical,1,Normal,None,breakneckblitz
BrickBreak,100,75,Physical,15,Fighting,None,brickbreak
Brine,100,65,Special,10,Water,None,brine
BrutalSwing,100,60,Physical,20,Dark,None,brutalswing
Bubble,100,40,Special,30,Water,None,bubble
BubbleBeam,100,65,Special,20,Water,None,bubblebeam
BugBite,100,60,Physical,20,Bug,None,bugbite
BugBuzz,100,90,Special,10,Bug,None,bugbuzz
BulkUp,TRUE,0,Status,20,Fighting,None,bulkup
Bulldoze,100,60,Physical,20,Ground,None,bulldoze
BulletPunch,100,40,Physical,30,Steel,None,bulletpunch
BulletSeed,100,25,Physical,30,Grass,None,bulletseed
BurningJealousy,100,70,Special,5,Fire,None,burningjealousy
BurnUp,100,130,Special,5,Fire,None,burnup
BuzzyBuzz,100,60,Special,20,Electric,chance:100|effect:par,buzzybuzz
CalmMind,TRUE,0,Status,20,Psychic,None,calmmind
Camouflage,TRUE,0,Status,20,Normal,None,camouflage
Captivate,100,0,Status,20,Normal,None,captivate
Catastropika,TRUE,210,Physical,1,Electric,None,catastropika
CeaselessEdge,90,65,Physical,15,Dark,None,ceaselessedge
Celebrate,TRUE,0,Status,40,Normal,None,celebrate
Charge,TRUE,0,Status,20,Electric,None,charge
ChargeBeam,90,50,Special,10,Electric,None,chargebeam
Charm,100,0,Status,20,Fairy,None,charm
Chatter,100,65,Special,20,Flying,chance:100|effect:confusion,chatter
ChillingWater,100,50,Special,20,Water,None,chillingwater
ChillyReception,TRUE,0,Status,10,Ice,None,chillyreception
ChipAway,100,70,Physical,20,Normal,None,chipaway
Chloroblast,95,150,Special,5,Grass,None,chloroblast
CircleThrow,90,60,Physical,10,Fighting,None,circlethrow
Clamp,85,35,Physical,15,Water,None,clamp
ClangingScales,100,110,Special,5,Dragon,None,clangingscales
ClangorousSoul,100,0,Status,5,Dragon,None,clangoroussoul
ClangorousSoulblaze,TRUE,185,Special,1,Dragon,None,clangoroussoulblaze
ClearSmog,TRUE,50,Special,15,Poison,None,clearsmog
CloseCombat,100,120,Physical,5,Fighting,None,closecombat
Coaching,TRUE,0,Status,10,Fighting,None,coaching
Coil,TRUE,0,Status,20,Poison,None,coil
CollisionCourse,100,100,Physical,5,Fighting,None,collisioncourse
CombatTorque,100,100,Physical,10,Fighting,chance:30|effect:par,combattorque
CometPunch,85,18,Physical,15,Normal,None,cometpunch
Comeuppance,100,0,Physical,10,Dark,None,comeuppance
Confide,TRUE,0,Status,20,Normal,None,confide
ConfuseRay,100,0,Status,10,Ghost,chance:100|effect:confusion,confuseray
Confusion,100,50,Special,25,Psychic,chance:10|effect:confusion,confusion
Constrict,100,10,Physical,35,Normal,None,constrict
ContinentalCrush,TRUE,1,Physical,1,Rock,None,continentalcrush
Conversion,TRUE,0,Status,30,Normal,None,conversion
Conversion2,TRUE,0,Status,30,Normal,None,conversion2
Copycat,TRUE,0,Status,20,Normal,None,copycat
CoreEnforcer,100,100,Special,10,Dragon,None,coreenforcer
CorkscrewCrash,TRUE,1,Physical,1,Steel,None,corkscrewcrash
CorrosiveGas,100,0,Status,40,Poison,None,corrosivegas
CosmicPower,TRUE,0,Status,20,Psychic,None,cosmicpower
CottonGuard,TRUE,0,Status,10,Grass,None,cottonguard
CottonSpore,100,0,Status,40,Grass,None,cottonspore
Counter,100,0,Physical,20,Fighting,None,counter
CourtChange,100,0,Status,10,Normal,None,courtchange
Covet,100,60,Physical,25,Normal,None,covet
Crabhammer,90,100,Physical,10,Water,None,crabhammer
CraftyShield,TRUE,0,Status,10,Fairy,None,craftyshield
CrossChop,80,100,Physical,5,Fighting,None,crosschop
CrossPoison,100,70,Physical,20,Poison,chance:10|effect:psn,crosspoison
Crunch,100,80,Physical,15,Dark,None,crunch
CrushClaw,95,75,Physical,10,Normal,None,crushclaw
CrushGrip,100,0,Physical,5,Normal,None,crushgrip
Curse,TRUE,0,Status,10,Ghost,None,curse
Cut,95,50,Physical,30,Normal,None,cut
DarkestLariat,100,85,Physical,10,Dark,None,darkestlariat
DarkPulse,100,80,Special,15,Dark,chance:20|effect:flinch,darkpulse
DarkVoid,50,0,Status,10,Dark,chance:100|effect:slp,darkvoid
DazzlingGleam,100,80,Special,10,Fairy,None,dazzlinggleam
Decorate,TRUE,0,Status,15,Fairy,None,decorate
DefendOrder,TRUE,0,Status,10,Bug,None,defendorder
DefenseCurl,TRUE,0,Status,40,Normal,None,defensecurl
Defog,TRUE,0,Status,15,Flying,None,defog
DestinyBond,TRUE,0,Status,5,Ghost,None,destinybond
Detect,TRUE,0,Status,5,Fighting,None,detect
DevastatingDrake,TRUE,1,Physical,1,Dragon,None,devastatingdrake
DiamondStorm,95,100,Physical,5,Rock,None,diamondstorm
Dig,100,80,Physical,10,Ground,None,dig
Disable,100,0,Status,20,Normal,None,disable
DisarmingVoice,TRUE,40,Special,15,Fairy,None,disarmingvoice
Discharge,100,80,Special,15,Electric,chance:30|effect:par,discharge
DireClaw,100,80,Physical,15,Poison,None,direclaw
Dive,100,80,Physical,10,Water,None,dive
DizzyPunch,100,70,Physical,10,Normal,chance:20|effect:confusion,dizzypunch
Doodle,100,0,Status,10,Normal,None,doodle
DoomDesire,100,140,Special,5,Steel,None,doomdesire
Double-Edge,100,120,Physical,15,Normal,None,double-edge
DoubleHit,90,35,Physical,10,Normal,None,doublehit
DoubleIronBash,100,60,Physical,5,Steel,chance:30|effect:flinch,doubleironbash
DoubleKick,100,30,Physical,30,Fighting,None,doublekick
DoubleShock,100,120,Physical,5,Electric,None,doubleshock
DoubleSlap,85,15,Physical,10,Normal,None,doubleslap
DoubleTeam,TRUE,0,Status,15,Normal,None,doubleteam
DracoMeteor,90,130,Special,5,Dragon,None,dracometeor
DragonAscent,100,120,Physical,5,Flying,None,dragonascent
DragonBreath,100,60,Special,20,Dragon,chance:30|effect:par,dragonbreath
DragonClaw,100,80,Physical,15,Dragon,None,dragonclaw
DragonDance,TRUE,0,Status,20,Dragon,None,dragondance
DragonDarts,100,50,Physical,10,Dragon,None,dragondarts
DragonEnergy,100,150,Special,5,Dragon,None,dragonenergy
DragonHammer,100,90,Physical,15,Dragon,None,dragonhammer
DragonPulse,100,85,Special,10,Dragon,None,dragonpulse
DragonRage,100,0,Special,10,Dragon,None,dragonrage
DragonRush,75,100,Physical,10,Dragon,chance:20|effect:flinch,dragonrush
DragonTail,90,60,Physical,10,Dragon,None,dragontail
DrainingKiss,100,50,Special,10,Fairy,None,drainingkiss
DrainPunch,100,75,Physical,10,Fighting,None,drainpunch
DreamEater,100,100,Special,15,Psychic,None,dreameater
DrillPeck,100,80,Physical,20,Flying,None,drillpeck
DrillRun,95,80,Physical,10,Ground,None,drillrun
DrumBeating,100,80,Physical,10,Grass,None,drumbeating
DualChop,90,40,Physical,15,Dragon,None,dualchop
DualWingbeat,90,40,Physical,10,Flying,None,dualwingbeat
DynamaxCannon,100,100,Special,5,Dragon,None,dynamaxcannon
DynamicPunch,50,100,Physical,5,Fighting,chance:100|effect:confusion,dynamicpunch
EarthPower,100,90,Special,10,Ground,None,earthpower
Earthquake,100,100,Physical,10,Ground,None,earthquake
EchoedVoice,100,40,Special,15,Normal,None,echoedvoice
EerieImpulse,100,0,Status,15,Electric,None,eerieimpulse
EerieSpell,100,80,Special,5,Psychic,None,eeriespell
EggBomb,75,100,Physical,10,Normal,None,eggbomb
ElectricTerrain,TRUE,0,Status,10,Electric,None,electricterrain
Electrify,TRUE,0,Status,20,Electric,None,electrify
ElectroBall,100,0,Special,10,Electric,None,electroball
ElectroDrift,100,100,Special,5,Electric,None,electrodrift
Electroweb,95,55,Special,15,Electric,None,electroweb
Embargo,100,0,Status,15,Dark,None,embargo
Ember,100,40,Special,25,Fire,chance:10|effect:brn,ember
Encore,100,0,Status,5,Normal,None,encore
Endeavor,100,0,Physical,5,Normal,None,endeavor
Endure,TRUE,0,Status,10,Normal,None,endure
EnergyBall,100,90,Special,10,Grass,None,energyball
Entrainment,100,0,Status,15,Normal,None,entrainment
Eruption,100,150,Special,5,Fire,None,eruption
EsperWing,100,80,Special,10,Psychic,None,esperwing
Eternabeam,90,160,Special,5,Dragon,None,eternabeam
ExpandingForce,100,80,Special,10,Psychic,None,expandingforce
Explosion,100,250,Physical,5,Normal,None,explosion
Extrasensory,100,80,Special,20,Psychic,chance:10|effect:flinch,extrasensory
ExtremeEvoboost,TRUE,0,Status,1,Normal,None,extremeevoboost
ExtremeSpeed,100,80,Physical,5,Normal,None,extremespeed
Facade,100,70,Physical,20,Normal,None,facade
FairyLock,TRUE,0,Status,10,Fairy,None,fairylock
FairyWind,100,40,Special,30,Fairy,None,fairywind
FakeOut,100,40,Physical,10,Normal,chance:100|effect:flinch,fakeout
FakeTears,100,0,Status,20,Dark,None,faketears
FalseSurrender,TRUE,80,Physical,10,Dark,None,falsesurrender
FalseSwipe,100,40,Physical,40,Normal,None,falseswipe
FeatherDance,100,0,Status,15,Flying,None,featherdance
Feint,100,30,Physical,10,Normal,None,feint
FeintAttack,TRUE,60,Physical,20,Dark,None,feintattack
FellStinger,100,50,Physical,25,Bug,None,fellstinger
FieryDance,100,80,Special,10,Fire,None,fierydance
FieryWrath,100,90,Special,10,Dark,chance:20|effect:flinch,fierywrath
FilletAway,TRUE,0,Status,10,Normal,None,filletaway
FinalGambit,100,0,Special,5,Fighting,None,finalgambit
FireBlast,85,110,Special,5,Fire,chance:10|effect:brn,fireblast
FireFang,95,65,Physical,15,Fire,None,firefang
FireLash,100,80,Physical,15,Fire,None,firelash
FirePledge,100,80,Special,10,Fire,None,firepledge
FirePunch,100,75,Physical,15,Fire,chance:10|effect:brn,firepunch
FireSpin,85,35,Special,15,Fire,None,firespin
FirstImpression,100,90,Physical,10,Bug,None,firstimpression
FishiousRend,100,85,Physical,10,Water,None,fishiousrend
Fissure,30,0,Physical,5,Ground,None,fissure
Flail,100,0,Physical,15,Normal,None,flail
FlameBurst,100,70,Special,15,Fire,None,flameburst
FlameCharge,100,50,Physical,20,Fire,None,flamecharge
FlameWheel,100,60,Physical,25,Fire,chance:10|effect:brn,flamewheel
Flamethrower,100,90,Special,15,Fire,chance:10|effect:brn,flamethrower
FlareBlitz,100,120,Physical,15,Fire,chance:10|effect:brn,flareblitz
Flash,100,0,Status,20,Normal,None,flash
FlashCannon,100,80,Special,10,Steel,None,flashcannon
Flatter,100,0,Status,15,Dark,chance:100|effect:confusion,flatter
FleurCannon,90,130,Special,5,Fairy,None,fleurcannon
Fling,100,0,Physical,10,Dark,None,fling
FlipTurn,100,60,Physical,20,Water,None,flipturn
FloatyFall,95,90,Physical,15,Flying,chance:30|effect:flinch,floatyfall
FloralHealing,TRUE,0,Status,10,Fairy,None,floralhealing
FlowerShield,TRUE,0,Status,10,Fairy,None,flowershield
FlowerTrick,TRUE,70,Physical,10,Grass,None,flowertrick
Fly,95,90,Physical,15,Flying,None,fly
FlyingPress,95,100,Physical,10,Fighting,None,flyingpress
FocusBlast,70,120,Special,5,Fighting,None,focusblast
FocusEnergy,TRUE,0,Status,30,Normal,None,focusenergy
FocusPunch,100,150,Physical,20,Fighting,None,focuspunch
FollowMe,TRUE,0,Status,20,Normal,None,followme
ForcePalm,100,60,Physical,10,Fighting,chance:30|effect:par,forcepalm
Foresight,TRUE,0,Status,40,Normal,None,foresight
Forest'sCurse,100,0,Status,20,Grass,None,forest'scurse
FoulPlay,100,95,Physical,15,Dark,None,foulplay
Freeze-Dry,100,70,Special,20,Ice,chance:10|effect:frz,freeze-dry
FreezeShock,90,140,Physical,5,Ice,chance:30|effect:par,freezeshock
FreezingGlare,100,90,Special,10,Psychic,chance:10|effect:frz,freezingglare
FreezyFrost,90,100,Special,10,Ice,None,freezyfrost
FrenzyPlant,90,150,Special,5,Grass,None,frenzyplant
FrostBreath,90,60,Special,10,Ice,None,frostbreath
Frustration,100,0,Physical,20,Normal,None,frustration
FuryAttack,85,15,Physical,20,Normal,None,furyattack
FuryCutter,95,40,Physical,20,Bug,None,furycutter
FurySwipes,80,18,Physical,15,Normal,None,furyswipes
FusionBolt,100,100,Physical,5,Electric,None,fusionbolt
FusionFlare,100,100,Special,5,Fire,None,fusionflare
FutureSight,100,120,Special,10,Psychic,None,futuresight
GastroAcid,100,0,Status,10,Poison,None,gastroacid
GearGrind,85,50,Physical,15,Steel,None,geargrind
GearUp,TRUE,0,Status,20,Steel,None,gearup
GenesisSupernova,TRUE,185,Special,1,Psychic,None,genesissupernova
Geomancy,TRUE,0,Status,10,Fairy,None,geomancy
GigaDrain,100,75,Special,10,Grass,None,gigadrain
GigaImpact,90,150,Physical,5,Normal,None,gigaimpact
GigatonHammer,100,160,Physical,5,Steel,None,gigatonhammer
GigavoltHavoc,TRUE,1,Physical,1,Electric,None,gigavolthavoc
GlacialLance,100,120,Physical,5,Ice,None,glaciallance
Glaciate,95,65,Special,10,Ice,None,glaciate
GlaiveRush,100,120,Physical,5,Dragon,None,glaiverush
Glare,100,0,Status,30,Normal,chance:100|effect:par,glare
GlitzyGlow,95,80,Special,15,Psychic,None,glitzyglow
G-MaxBefuddle,TRUE,10,Physical,5,Bug,None,g-maxbefuddle
G-MaxCannonade,TRUE,10,Physical,10,Water,None,g-maxcannonade
G-MaxCentiferno,TRUE,10,Physical,5,Fire,None,g-maxcentiferno
G-MaxChiStrike,TRUE,10,Physical,5,Fighting,None,g-maxchistrike
G-MaxCuddle,TRUE,10,Physical,5,Normal,None,g-maxcuddle
G-MaxDepletion,TRUE,10,Physical,5,Dragon,None,g-maxdepletion
G-MaxDrumSolo,TRUE,160,Physical,5,Grass,None,g-maxdrumsolo
G-MaxFinale,TRUE,10,Physical,5,Fairy,None,g-maxfinale
G-MaxFireball,TRUE,160,Physical,5,Fire,None,g-maxfireball
G-MaxFoamBurst,TRUE,10,Physical,5,Water,None,g-maxfoamburst
G-MaxGoldRush,TRUE,10,Physical,5,Normal,None,g-maxgoldrush
G-MaxGravitas,TRUE,10,Physical,5,Psychic,None,g-maxgravitas
G-MaxHydrosnipe,TRUE,160,Physical,5,Water,None,g-maxhydrosnipe
G-MaxMalodor,TRUE,10,Physical,5,Poison,None,g-maxmalodor
G-MaxMeltdown,TRUE,10,Physical,5,Steel,None,g-maxmeltdown
G-MaxOneBlow,TRUE,10,Physical,5,Dark,None,g-maxoneblow
G-MaxRapidFlow,TRUE,10,Physical,5,Water,None,g-maxrapidflow
G-MaxReplenish,TRUE,10,Physical,5,Normal,None,g-maxreplenish
G-MaxResonance,TRUE,10,Physical,5,Ice,None,g-maxresonance
G-MaxSandblast,TRUE,10,Physical,5,Ground,None,g-maxsandblast
G-MaxSmite,TRUE,10,Physical,5,Fairy,None,g-maxsmite
G-MaxSnooze,TRUE,10,Physical,5,Dark,None,g-maxsnooze
G-MaxSteelsurge,TRUE,10,Physical,5,Steel,None,g-maxsteelsurge
G-MaxStonesurge,TRUE,10,Physical,5,Water,None,g-maxstonesurge
G-MaxStunShock,TRUE,10,Physical,10,Electric,None,g-maxstunshock
G-MaxSweetness,TRUE,10,Physical,10,Grass,None,g-maxsweetness
G-MaxTartness,TRUE,10,Physical,10,Grass,None,g-maxtartness
G-MaxTerror,TRUE,10,Physical,10,Ghost,None,g-maxterror
G-MaxVineLash,TRUE,10,Physical,10,Grass,None,g-maxvinelash
G-MaxVolcalith,TRUE,10,Physical,10,Rock,None,g-maxvolcalith
G-MaxVoltCrash,TRUE,10,Physical,10,Electric,None,g-maxvoltcrash
G-MaxWildfire,TRUE,10,Physical,10,Fire,None,g-maxwildfire
G-MaxWindRage,TRUE,10,Physical,10,Flying,None,g-maxwindrage
GrassKnot,100,0,Special,20,Grass,None,grassknot
GrassPledge,100,80,Special,10,Grass,None,grasspledge
GrassWhistle,55,0,Status,15,Grass,chance:100|effect:slp,grasswhistle
GrassyGlide,100,60,Physical,20,Grass,None,grassyglide
GrassyTerrain,TRUE,0,Status,10,Grass,None,grassyterrain
GravApple,100,80,Physical,10,Grass,None,gravapple
Gravity,TRUE,0,Status,5,Psychic,None,gravity
Growl,100,0,Status,40,Normal,None,growl
Growth,TRUE,0,Status,20,Normal,None,growth
Grudge,TRUE,0,Status,5,Ghost,None,grudge
GuardianofAlola,TRUE,0,Special,1,Fairy,None,guardianofalola
GuardSplit,TRUE,0,Status,10,Psychic,None,guardsplit
GuardSwap,TRUE,0,Status,10,Psychic,None,guardswap
Guillotine,30,0,Physical,5,Normal,None,guillotine
GunkShot,80,120,Physical,5,Poison,chance:30|effect:psn,gunkshot
Gust,100,40,Special,35,Flying,None,gust
GyroBall,100,0,Physical,5,Steel,None,gyroball
Hail,TRUE,0,Status,10,Ice,None,hail
HammerArm,90,100,Physical,10,Fighting,None,hammerarm
HappyHour,TRUE,0,Status,30,Normal,None,happyhour
Harden,TRUE,0,Status,30,Normal,None,harden
Haze,TRUE,0,Status,30,Ice,None,haze
Headbutt,100,70,Physical,15,Normal,chance:30|effect:flinch,headbutt
HeadCharge,100,120,Physical,15,Normal,None,headcharge
HeadlongRush,100,120,Physical,5,Ground,None,headlongrush
HeadSmash,80,150,Physical,5,Rock,None,headsmash
HealBell,TRUE,0,Status,5,Normal,None,healbell
HealBlock,100,0,Status,15,Psychic,None,healblock
HealingWish,TRUE,0,Status,10,Psychic,None,healingwish
HealOrder,TRUE,0,Status,10,Bug,None,healorder
HealPulse,TRUE,0,Status,10,Psychic,None,healpulse
HeartStamp,100,60,Physical,25,Psychic,chance:30|effect:flinch,heartstamp
HeartSwap,TRUE,0,Status,10,Psychic,None,heartswap
HeatCrash,100,0,Physical,10,Fire,None,heatcrash
HeatWave,90,95,Special,10,Fire,chance:10|effect:brn,heatwave
HeavySlam,100,0,Physical,10,Steel,None,heavyslam
HelpingHand,TRUE,0,Status,20,Normal,None,helpinghand
Hex,100,65,Special,10,Ghost,None,hex
HiddenPower,100,60,Special,15,Normal,None,hiddenpower
HiddenPowerBug,100,60,Special,15,Bug,None,hiddenpowerbug
HiddenPowerDark,100,60,Special,15,Dark,None,hiddenpowerdark
HiddenPowerDragon,100,60,Special,15,Dragon,None,hiddenpowerdragon
HiddenPowerElectric,100,60,Special,15,Electric,None,hiddenpowerelectric
HiddenPowerFighting,100,60,Special,15,Fighting,None,hiddenpowerfighting
HiddenPowerFire,100,60,Special,15,Fire,None,hiddenpowerfire
HiddenPowerFlying,100,60,Special,15,Flying,None,hiddenpowerflying
HiddenPowerGhost,100,60,Special,15,Ghost,None,hiddenpowerghost
HiddenPowerGrass,100,60,Special,15,Grass,None,hiddenpowergrass
HiddenPowerGround,100,60,Special,15,Ground,None,hiddenpowerground
HiddenPowerIce,100,60,Special,15,Ice,None,hiddenpowerice
HiddenPowerPoison,100,60,Special,15,Poison,None,hiddenpowerpoison
HiddenPowerPsychic,100,60,Special,15,Psychic,None,hiddenpowerpsychic
HiddenPowerRock,100,60,Special,15,Rock,None,hiddenpowerrock
HiddenPowerSteel,100,60,Special,15,Steel,None,hiddenpowersteel
HiddenPowerWater,100,60,Special,15,Water,None,hiddenpowerwater
HighHorsepower,95,95,Physical,10,Ground,None,highhorsepower
HighJumpKick,90,130,Physical,10,Fighting,None,highjumpkick
HoldBack,100,40,Physical,40,Normal,None,holdback
HoldHands,TRUE,0,Status,40,Normal,None,holdhands
HoneClaws,TRUE,0,Status,15,Dark,None,honeclaws
HornAttack,100,65,Physical,25,Normal,None,hornattack
HornDrill,30,0,Physical,5,Normal,None,horndrill
HornLeech,100,75,Physical,10,Grass,None,hornleech
Howl,TRUE,0,Status,40,Normal,None,howl
Hurricane,70,110,Special,10,Flying,chance:30|effect:confusion,hurricane
HydroCannon,90,150,Special,5,Water,None,hydrocannon
HydroPump,80,110,Special,5,Water,None,hydropump
HydroVortex,TRUE,1,Physical,1,Water,None,hydrovortex
HyperBeam,90,150,Special,5,Normal,None,hyperbeam
HyperDrill,100,100,Physical,5,Normal,None,hyperdrill
HyperFang,90,80,Physical,15,Normal,chance:10|effect:flinch,hyperfang
HyperspaceFury,TRUE,100,Physical,5,Dark,None,hyperspacefury
HyperspaceHole,TRUE,80,Special,5,Psychic,None,hyperspacehole
HyperVoice,100,90,Special,10,Normal,None,hypervoice
Hypnosis,60,0,Status,20,Psychic,chance:100|effect:slp,hypnosis
IceBall,90,30,Physical,20,Ice,None,iceball
IceBeam,100,90,Special,10,Ice,chance:10|effect:frz,icebeam
IceBurn,90,140,Special,5,Ice,chance:30|effect:brn,iceburn
IceFang,95,65,Physical,15,Ice,None,icefang
IceHammer,90,100,Physical,10,Ice,None,icehammer
IcePunch,100,75,Physical,15,Ice,chance:10|effect:frz,icepunch
IceShard,100,40,Physical,30,Ice,None,iceshard
IceSpinner,100,80,Physical,15,Ice,None,icespinner
IcicleCrash,90,85,Physical,10,Ice,chance:30|effect:flinch,iciclecrash
IcicleSpear,100,25,Physical,30,Ice,None,iciclespear
IcyWind,95,55,Special,15,Ice,None,icywind
Imprison,TRUE,0,Status,10,Psychic,None,imprison
Incinerate,100,60,Special,15,Fire,None,incinerate
InfernalParade,100,60,Special,15,Ghost,chance:30|effect:brn,infernalparade
Inferno,50,100,Special,5,Fire,chance:100|effect:brn,inferno
InfernoOverdrive,TRUE,1,Physical,1,Fire,None,infernooverdrive
Infestation,100,20,Special,20,Bug,None,infestation
Ingrain,TRUE,0,Status,20,Grass,None,ingrain
Instruct,TRUE,0,Status,15,Psychic,None,instruct
IonDeluge,TRUE,0,Status,25,Electric,None,iondeluge
IronDefense,TRUE,0,Status,15,Steel,None,irondefense
IronHead,100,80,Physical,15,Steel,chance:30|effect:flinch,ironhead
IronTail,75,100,Physical,15,Steel,None,irontail
JawLock,100,80,Physical,10,Dark,None,jawlock
JetPunch,100,60,Physical,15,Water,None,jetpunch
Judgment,100,100,Special,10,Normal,None,judgment
JumpKick,95,100,Physical,10,Fighting,None,jumpkick
JungleHealing,TRUE,0,Status,10,Grass,None,junglehealing
KarateChop,100,50,Physical,25,Fighting,None,karatechop
Kinesis,80,0,Status,15,Psychic,None,kinesis
King'sShield,TRUE,0,Status,10,Steel,None,king'sshield
KnockOff,100,65,Physical,20,Dark,None,knockoff
KowtowCleave,TRUE,85,Physical,10,Dark,None,kowtowcleave
Land'sWrath,100,90,Physical,10,Ground,None,land'swrath
LaserFocus,TRUE,0,Status,30,Normal,None,laserfocus
LashOut,100,75,Physical,5,Dark,None,lashout
LastResort,100,140,Physical,5,Normal,None,lastresort
LastRespects,100,50,Physical,10,Ghost,None,lastrespects
LavaPlume,100,80,Special,15,Fire,chance:30|effect:brn,lavaplume
Leafage,100,40,Physical,40,Grass,None,leafage
LeafBlade,100,90,Physical,15,Grass,None,leafblade
LeafStorm,90,130,Special,5,Grass,None,leafstorm
LeafTornado,90,65,Special,10,Grass,None,leaftornado
LeechLife,100,80,Physical,10,Bug,None,leechlife
LeechSeed,90,0,Status,10,Grass,None,leechseed
Leer,100,0,Status,30,Normal,None,leer
Let'sSnuggleForever,TRUE,190,Physical,1,Fairy,None,let'ssnuggleforever
Lick,100,30,Physical,30,Ghost,chance:30|effect:par,lick
LifeDew,TRUE,0,Status,10,Water,None,lifedew
LightofRuin,90,140,Special,5,Fairy,None,lightofruin
LightScreen,TRUE,0,Status,30,Psychic,None,lightscreen
LightThatBurnstheSky,TRUE,200,Special,1,Psychic,None,lightthatburnsthesky
Liquidation,100,85,Physical,10,Water,None,liquidation
Lock-On,TRUE,0,Status,5,Normal,None,lock-on
LovelyKiss,75,0,Status,10,Normal,chance:100|effect:slp,lovelykiss
LowKick,100,0,Physical,20,Fighting,None,lowkick
LowSweep,100,65,Physical,20,Fighting,None,lowsweep
LuckyChant,TRUE,0,Status,30,Normal,None,luckychant
LuminaCrash,100,80,Special,10,Psychic,None,luminacrash
LunarBlessing,TRUE,0,Status,5,Psychic,None,lunarblessing
LunarDance,TRUE,0,Status,10,Psychic,None,lunardance
Lunge,100,80,Physical,15,Bug,None,lunge
LusterPurge,100,70,Special,5,Psychic,None,lusterpurge
MachPunch,100,40,Physical,30,Fighting,None,machpunch
MagicalLeaf,TRUE,60,Special,20,Grass,None,magicalleaf
MagicalTorque,100,100,Physical,10,Fairy,chance:30|effect:confusion,magicaltorque
MagicCoat,TRUE,0,Status,15,Psychic,None,magiccoat
MagicPowder,100,0,Status,20,Psychic,None,magicpowder
MagicRoom,TRUE,0,Status,10,Psychic,None,magicroom
MagmaStorm,75,100,Special,5,Fire,None,magmastorm
MagnetBomb,TRUE,60,Physical,20,Steel,None,magnetbomb
MagneticFlux,TRUE,0,Status,20,Electric,None,magneticflux
MagnetRise,TRUE,0,Status,10,Electric,None,magnetrise
Magnitude,100,0,Physical,30,Ground,None,magnitude
MakeItRain,100,120,Special,5,Steel,None,makeitrain
MaliciousMoonsault,TRUE,180,Physical,1,Dark,None,maliciousmoonsault
MatBlock,TRUE,0,Status,10,Fighting,None,matblock
MaxAirstream,TRUE,10,Physical,10,Flying,None,maxairstream
MaxDarkness,TRUE,10,Physical,10,Dark,None,maxdarkness
MaxFlare,TRUE,100,Physical,10,Fire,None,maxflare
MaxFlutterby,TRUE,10,Physical,10,Bug,None,maxflutterby
MaxGeyser,TRUE,10,Physical,10,Water,None,maxgeyser
MaxGuard,TRUE,0,Status,10,Normal,None,maxguard
MaxHailstorm,TRUE,10,Physical,10,Ice,None,maxhailstorm
MaxKnuckle,TRUE,10,Physical,10,Fighting,None,maxknuckle
MaxLightning,TRUE,10,Physical,10,Electric,None,maxlightning
MaxMindstorm,TRUE,10,Physical,10,Psychic,None,maxmindstorm
MaxOoze,TRUE,10,Physical,10,Poison,None,maxooze
MaxOvergrowth,TRUE,10,Physical,10,Grass,None,maxovergrowth
MaxPhantasm,TRUE,10,Physical,10,Ghost,None,maxphantasm
MaxQuake,TRUE,10,Physical,10,Ground,None,maxquake
MaxRockfall,TRUE,10,Physical,10,Rock,None,maxrockfall
MaxStarfall,TRUE,10,Physical,10,Fairy,None,maxstarfall
MaxSteelspike,TRUE,10,Physical,10,Steel,None,maxsteelspike
MaxStrike,TRUE,10,Physical,10,Normal,None,maxstrike
MaxWyrmwind,TRUE,10,Physical,10,Dragon,None,maxwyrmwind
MeanLook,TRUE,0,Status,5,Normal,None,meanlook
Meditate,TRUE,0,Status,40,Psychic,None,meditate
MeFirst,TRUE,0,Status,20,Normal,None,mefirst
MegaDrain,100,40,Special,15,Grass,None,megadrain
Megahorn,85,120,Physical,10,Bug,None,megahorn
MegaKick,75,120,Physical,5,Normal,None,megakick
MegaPunch,85,80,Physical,20,Normal,None,megapunch
Memento,100,0,Status,10,Dark,None,memento
MenacingMoonrazeMaelstrom,TRUE,200,Special,1,Ghost,None,menacingmoonrazemaelstrom
MetalBurst,100,0,Physical,10,Steel,None,metalburst
MetalClaw,95,50,Physical,35,Steel,None,metalclaw
MetalSound,85,0,Status,40,Steel,None,metalsound
MeteorAssault,100,150,Physical,5,Fighting,None,meteorassault
MeteorBeam,90,120,Special,10,Rock,None,meteorbeam
MeteorMash,90,90,Physical,10,Steel,None,meteormash
Metronome,TRUE,0,Status,10,Normal,None,metronome
MilkDrink,TRUE,0,Status,5,Normal,None,milkdrink
Mimic,TRUE,0,Status,10,Normal,None,mimic
MindBlown,100,150,Special,5,Fire,None,mindblown
MindReader,TRUE,0,Status,5,Normal,None,mindreader
Minimize,TRUE,0,Status,10,Normal,None,minimize
MiracleEye,TRUE,0,Status,40,Psychic,None,miracleeye
MirrorCoat,100,0,Special,20,Psychic,None,mirrorcoat
MirrorMove,TRUE,0,Status,20,Flying,None,mirrormove
MirrorShot,85,65,Special,10,Steel,None,mirrorshot
Mist,TRUE,0,Status,30,Ice,None,mist
MistBall,100,70,Special,5,Psychic,None,mistball
MistyExplosion,100,100,Special,5,Fairy,None,mistyexplosion
MistyTerrain,TRUE,0,Status,10,Fairy,None,mistyterrain
Moonblast,100,95,Special,15,Fairy,None,moonblast
MoongeistBeam,100,100,Special,5,Ghost,None,moongeistbeam
Moonlight,TRUE,0,Status,5,Fairy,None,moonlight
MorningSun,TRUE,0,Status,5,Normal,None,morningsun
MortalSpin,100,30,Physical,15,Poison,chance:100|effect:psn,mortalspin
MountainGale,85,100,Physical,10,Ice,chance:30|effect:flinch,mountaingale
MudBomb,85,65,Special,10,Ground,None,mudbomb
MudShot,95,55,Special,15,Ground,None,mudshot
Mud-Slap,100,20,Special,10,Ground,None,mud-slap
MudSport,TRUE,0,Status,15,Ground,None,mudsport
MuddyWater,85,90,Special,10,Water,None,muddywater
Multi-Attack,100,120,Physical,10,Normal,None,multi-attack
MysticalFire,100,75,Special,10,Fire,None,mysticalfire
MysticalPower,90,70,Special,10,Psychic,None,mysticalpower
NastyPlot,TRUE,0,Status,20,Dark,None,nastyplot
NaturalGift,100,0,Physical,15,Normal,None,naturalgift
NaturePower,TRUE,0,Status,20,Normal,None,naturepower
Nature'sMadness,90,0,Special,10,Fairy,None,nature'smadness
NeedleArm,100,60,Physical,15,Grass,chance:30|effect:flinch,needlearm
Never-EndingNightmare,TRUE,1,Physical,1,Ghost,None,never-endingnightmare
NightDaze,95,85,Special,10,Dark,None,nightdaze
Nightmare,100,0,Status,15,Ghost,None,nightmare
NightShade,100,0,Special,15,Ghost,None,nightshade
NightSlash,100,70,Physical,15,Dark,None,nightslash
NobleRoar,100,0,Status,30,Normal,None,nobleroar
NoRetreat,TRUE,0,Status,5,Fighting,None,noretreat
NoxiousTorque,100,100,Physical,10,Poison,chance:30|effect:psn,noxioustorque
Nuzzle,100,20,Physical,20,Electric,chance:100|effect:par,nuzzle
OblivionWing,100,80,Special,10,Flying,None,oblivionwing
Obstruct,100,0,Status,10,Dark,None,obstruct
OceanicOperetta,TRUE,195,Special,1,Water,None,oceanicoperetta
Octazooka,85,65,Special,10,Water,None,octazooka
Octolock,100,0,Status,15,Fighting,None,octolock
OdorSleuth,TRUE,0,Status,40,Normal,None,odorsleuth
OminousWind,100,60,Special,5,Ghost,None,ominouswind
OrderUp,100,80,Physical,10,Dragon,None,orderup
OriginPulse,85,110,Special,10,Water,None,originpulse
Outrage,100,120,Physical,10,Dragon,None,outrage
Overdrive,100,80,Special,10,Electric,None,overdrive
Overheat,90,130,Special,5,Fire,None,overheat
PainSplit,TRUE,0,Status,20,Normal,None,painsplit
PaleoWave,100,85,Special,15,Rock,None,paleowave
ParabolicCharge,100,65,Special,20,Electric,None,paraboliccharge
PartingShot,100,0,Status,20,Dark,None,partingshot
Payback,100,50,Physical,10,Dark,None,payback
PayDay,100,40,Physical,20,Normal,None,payday
Peck,100,35,Physical,35,Flying,None,peck
PerishSong,TRUE,0,Status,5,Normal,None,perishsong
PetalBlizzard,100,90,Physical,15,Grass,None,petalblizzard
PetalDance,100,120,Special,10,Grass,None,petaldance
PhantomForce,100,90,Physical,10,Ghost,None,phantomforce
PhotonGeyser,100,100,Special,5,Psychic,None,photongeyser
PikaPapow,TRUE,0,Special,20,Electric,None,pikapapow
PinMissile,95,25,Physical,20,Bug,None,pinmissile
PlasmaFists,100,100,Physical,15,Electric,None,plasmafists
PlayNice,TRUE,0,Status,20,Normal,None,playnice
PlayRough,90,90,Physical,10,Fairy,None,playrough
Pluck,100,60,Physical,20,Flying,None,pluck
PoisonFang,100,50,Physical,15,Poison,chance:50|effect:psn,poisonfang
PoisonGas,90,0,Status,40,Poison,chance:100|effect:psn,poisongas
PoisonJab,100,80,Physical,20,Poison,chance:30|effect:psn,poisonjab
PoisonPowder,75,0,Status,35,Poison,chance:100|effect:psn,poisonpowder
PoisonSting,100,15,Physical,35,Poison,chance:30|effect:psn,poisonsting
PoisonTail,100,50,Physical,25,Poison,chance:10|effect:psn,poisontail
PollenPuff,100,90,Special,15,Bug,None,pollenpuff
Poltergeist,90,110,Physical,5,Ghost,None,poltergeist
PopulationBomb,90,20,Physical,10,Normal,None,populationbomb
Pounce,100,50,Physical,20,Bug,None,pounce
Pound,100,40,Physical,35,Normal,None,pound
Powder,100,0,Status,20,Bug,None,powder
PowderSnow,100,40,Special,25,Ice,chance:10|effect:frz,powdersnow
PowerGem,100,80,Special,20,Rock,None,powergem
PowerShift,TRUE,0,Status,10,Normal,None,powershift
PowerSplit,TRUE,0,Status,10,Psychic,None,powersplit
PowerSwap,TRUE,0,Status,10,Psychic,None,powerswap
PowerTrick,TRUE,0,Status,10,Psychic,None,powertrick
PowerTrip,100,20,Physical,10,Dark,None,powertrip
Power-UpPunch,100,40,Physical,20,Fighting,None,power-uppunch
PowerWhip,85,120,Physical,10,Grass,None,powerwhip
PrecipiceBlades,85,120,Physical,10,Ground,None,precipiceblades
Present,90,0,Physical,15,Normal,None,present
PrismaticLaser,100,160,Special,10,Psychic,None,prismaticlaser
Protect,TRUE,0,Status,10,Normal,None,protect
Psybeam,100,65,Special,20,Psychic,chance:10|effect:confusion,psybeam
PsychUp,TRUE,0,Status,10,Normal,None,psychup
Psychic,100,90,Special,10,Psychic,None,psychic
PsychicFangs,100,85,Physical,10,Psychic,None,psychicfangs
PsychicTerrain,TRUE,0,Status,10,Psychic,None,psychicterrain
PsychoBoost,90,140,Special,5,Psychic,None,psychoboost
PsychoCut,100,70,Physical,20,Psychic,None,psychocut
PsychoShift,100,0,Status,10,Psychic,None,psychoshift
PsyshieldBash,90,70,Physical,10,Psychic,None,psyshieldbash
Psyshock,100,80,Special,10,Psychic,None,psyshock
Psystrike,100,100,Special,10,Psychic,None,psystrike
Psywave,100,0,Special,15,Psychic,None,psywave
PulverizingPancake,TRUE,210,Physical,1,Normal,None,pulverizingpancake
Punishment,100,0,Physical,5,Dark,None,punishment
Purify,TRUE,0,Status,20,Poison,None,purify
Pursuit,100,40,Physical,20,Dark,None,pursuit
PyroBall,90,120,Physical,5,Fire,chance:10|effect:brn,pyroball
Quash,100,0,Status,15,Dark,None,quash
QuickAttack,100,40,Physical,30,Normal,None,quickattack
QuickGuard,TRUE,0,Status,15,Fighting,None,quickguard
QuiverDance,TRUE,0,Status,20,Bug,None,quiverdance
Rage,100,20,Physical,20,Normal,None,rage
RageFist,100,50,Physical,10,Ghost,None,ragefist
RagePowder,TRUE,0,Status,20,Bug,None,ragepowder
RagingBull,100,90,Physical,10,Normal,None,ragingbull
RagingFury,100,120,Physical,10,Fire,None,ragingfury
RainDance,TRUE,0,Status,5,Water,None,raindance
RapidSpin,100,50,Physical,40,Normal,None,rapidspin
RazorLeaf,95,55,Physical,25,Grass,None,razorleaf
RazorShell,95,75,Physical,10,Water,None,razorshell
RazorWind,100,80,Special,10,Normal,None,razorwind
Recover,TRUE,0,Status,5,Normal,None,recover
Recycle,TRUE,0,Status,10,Normal,None,recycle
Reflect,TRUE,0,Status,20,Psychic,None,reflect
ReflectType,TRUE,0,Status,15,Normal,None,reflecttype
Refresh,TRUE,0,Status,20,Normal,None,refresh
RelicSong,100,75,Special,10,Normal,chance:10|effect:slp,relicsong
Rest,TRUE,0,Status,5,Psychic,None,rest
Retaliate,100,70,Physical,5,Normal,None,retaliate
Return,100,0,Physical,20,Normal,None,return
RevelationDance,100,90,Special,15,Normal,None,revelationdance
Revenge,100,60,Physical,10,Fighting,None,revenge
Reversal,100,0,Physical,15,Fighting,None,reversal
RevivalBlessing,TRUE,0,Status,1,Normal,None,revivalblessing
RisingVoltage,100,70,Special,20,Electric,None,risingvoltage
Roar,TRUE,0,Status,20,Normal,None,roar
RoarofTime,90,150,Special,5,Dragon,None,roaroftime
RockBlast,90,25,Physical,10,Rock,None,rockblast
RockClimb,85,90,Physical,20,Normal,chance:20|effect:confusion,rockclimb
RockPolish,TRUE,0,Status,20,Rock,None,rockpolish
RockSlide,90,75,Physical,10,Rock,chance:30|effect:flinch,rockslide
RockSmash,100,40,Physical,15,Fighting,None,rocksmash
RockThrow,90,50,Physical,15,Rock,None,rockthrow
RockTomb,95,60,Physical,15,Rock,None,rocktomb
RockWrecker,90,150,Physical,5,Rock,None,rockwrecker
RolePlay,TRUE,0,Status,10,Psychic,None,roleplay
RollingKick,85,60,Physical,15,Fighting,chance:30|effect:flinch,rollingkick
Rollout,90,30,Physical,20,Rock,None,rollout
Roost,TRUE,0,Status,5,Flying,None,roost
Rototiller,TRUE,0,Status,10,Ground,None,rototiller
Round,100,60,Special,15,Normal,None,round
Ruination,90,0,Special,10,Dark,None,ruination
SacredFire,95,100,Physical,5,Fire,chance:50|effect:brn,sacredfire
SacredSword,100,90,Physical,15,Fighting,None,sacredsword
Safeguard,TRUE,0,Status,25,Normal,None,safeguard
SaltCure,100,40,Physical,15,Rock,None,saltcure
SandAttack,100,0,Status,15,Ground,None,sandattack
SandsearStorm,80,100,Special,10,Ground,chance:20|effect:brn,sandsearstorm
Sandstorm,TRUE,0,Status,10,Rock,None,sandstorm
SandTomb,85,35,Physical,15,Ground,None,sandtomb
SappySeed,90,100,Physical,10,Grass,None,sappyseed
SavageSpin-Out,TRUE,1,Physical,1,Bug,None,savagespin-out
Scald,100,80,Special,15,Water,chance:30|effect:brn,scald
ScaleShot,90,25,Physical,20,Dragon,None,scaleshot
ScaryFace,100,0,Status,10,Normal,None,scaryface
ScorchingSands,100,70,Special,10,Ground,chance:30|effect:brn,scorchingsands
Scratch,100,40,Physical,35,Normal,None,scratch
Screech,85,0,Status,40,Normal,None,screech
SearingShot,100,100,Special,5,Fire,chance:30|effect:brn,searingshot
SearingSunrazeSmash,TRUE,200,Physical,1,Steel,None,searingsunrazesmash
SecretPower,100,70,Physical,20,Normal,chance:30|effect:par,secretpower
SecretSword,100,85,Special,10,Fighting,None,secretsword
SeedBomb,100,80,Physical,15,Grass,None,seedbomb
SeedFlare,85,120,Special,5,Grass,None,seedflare
SeismicToss,100,0,Physical,20,Fighting,None,seismictoss
Self-Destruct,100,200,Physical,5,Normal,None,self-destruct
ShadowBall,100,80,Special,15,Ghost,None,shadowball
ShadowBone,100,85,Physical,10,Ghost,None,shadowbone
ShadowClaw,100,70,Physical,15,Ghost,None,shadowclaw
ShadowForce,100,120,Physical,5,Ghost,None,shadowforce
ShadowPunch,TRUE,60,Physical,20,Ghost,None,shadowpunch
ShadowSneak,100,40,Physical,30,Ghost,None,shadowsneak
ShadowStrike,95,80,Physical,10,Ghost,None,shadowstrike
Sharpen,TRUE,0,Status,30,Normal,None,sharpen
ShatteredPsyche,TRUE,1,Physical,1,Psychic,None,shatteredpsyche
ShedTail,TRUE,0,Status,10,Normal,None,shedtail
SheerCold,30,0,Special,5,Ice,None,sheercold
ShellSideArm,100,90,Special,10,Poison,chance:20|effect:psn,shellsidearm
ShellSmash,TRUE,0,Status,15,Normal,None,shellsmash
ShellTrap,100,150,Special,5,Fire,None,shelltrap
Shelter,TRUE,0,Status,10,Steel,None,shelter
ShiftGear,TRUE,0,Status,10,Steel,None,shiftgear
ShockWave,TRUE,60,Special,20,Electric,None,shockwave
ShoreUp,TRUE,0,Status,5,Ground,None,shoreup
SignalBeam,100,75,Special,15,Bug,chance:10|effect:confusion,signalbeam
SilkTrap,TRUE,0,Status,10,Bug,None,silktrap
SilverWind,100,60,Special,5,Bug,None,silverwind
SimpleBeam,100,0,Status,15,Normal,None,simplebeam
Sing,55,0,Status,15,Normal,chance:100|effect:slp,sing
SinisterArrowRaid,TRUE,180,Physical,1,Ghost,None,sinisterarrowraid
SizzlySlide,100,60,Physical,20,Fire,chance:100|effect:brn,sizzlyslide
Sketch,TRUE,0,Status,1,Normal,None,sketch
SkillSwap,TRUE,0,Status,10,Psychic,None,skillswap
SkitterSmack,90,70,Physical,10,Bug,None,skittersmack
SkullBash,100,130,Physical,10,Normal,None,skullbash
SkyAttack,90,140,Physical,5,Flying,chance:30|effect:flinch,skyattack
SkyDrop,100,60,Physical,10,Flying,None,skydrop
SkyUppercut,90,85,Physical,15,Fighting,None,skyuppercut
SlackOff,TRUE,0,Status,5,Normal,None,slackoff
Slam,75,80,Physical,20,Normal,None,slam
Slash,100,70,Physical,20,Normal,None,slash
SleepPowder,75,0,Status,15,Grass,chance:100|effect:slp,sleeppowder
SleepTalk,TRUE,0,Status,10,Normal,None,sleeptalk
Sludge,100,65,Special,20,Poison,chance:30|effect:psn,sludge
SludgeBomb,100,90,Special,10,Poison,chance:30|effect:psn,sludgebomb
SludgeWave,100,95,Special,10,Poison,chance:10|effect:psn,sludgewave
SmackDown,100,50,Physical,15,Rock,None,smackdown
SmartStrike,TRUE,70,Physical,10,Steel,None,smartstrike
SmellingSalts,100,70,Physical,10,Normal,None,smellingsalts
Smog,70,30,Special,20,Poison,chance:40|effect:psn,smog
Smokescreen,100,0,Status,20,Normal,None,smokescreen
SnapTrap,100,35,Physical,15,Grass,None,snaptrap
Snarl,95,55,Special,15,Dark,None,snarl
Snatch,TRUE,0,Status,10,Dark,None,snatch
SnipeShot,100,80,Special,15,Water,None,snipeshot
Snore,100,50,Special,15,Normal,chance:30|effect:flinch,snore
Snowscape,TRUE,0,Status,10,Ice,None,snowscape
Soak,100,0,Status,20,Water,None,soak
Soft-Boiled,TRUE,0,Status,5,Normal,None,soft-boiled
SolarBeam,100,120,Special,10,Grass,None,solarbeam
SolarBlade,100,125,Physical,10,Grass,None,solarblade
SonicBoom,90,0,Special,20,Normal,None,sonicboom
Soul-Stealing7-StarStrike,TRUE,195,Physical,1,Ghost,None,soul-stealing7-starstrike
SpacialRend,95,100,Special,5,Dragon,None,spacialrend
Spark,100,65,Physical,20,Electric,chance:30|effect:par,spark
SparklingAria,100,90,Special,10,Water,None,sparklingaria
SparklySwirl,85,120,Special,5,Fairy,None,sparklyswirl
SpectralThief,100,90,Physical,10,Ghost,None,spectralthief
SpeedSwap,TRUE,0,Status,10,Psychic,None,speedswap
SpicyExtract,TRUE,0,Status,15,Grass,None,spicyextract
SpiderWeb,TRUE,0,Status,10,Bug,None,spiderweb
SpikeCannon,100,20,Physical,15,Normal,None,spikecannon
Spikes,TRUE,0,Status,20,Ground,None,spikes
SpikyShield,TRUE,0,Status,10,Grass,None,spikyshield
SpinOut,100,100,Physical,5,Steel,None,spinout
SpiritBreak,100,75,Physical,15,Fairy,None,spiritbreak
SpiritShackle,100,80,Physical,10,Ghost,None,spiritshackle
SpitUp,100,0,Special,10,Normal,None,spitup
Spite,100,0,Status,10,Ghost,None,spite
Splash,TRUE,0,Status,40,Normal,None,splash
SplinteredStormshards,TRUE,190,Physical,1,Rock,None,splinteredstormshards
SplishySplash,100,90,Special,15,Water,chance:30|effect:par,splishysplash
Spore,100,0,Status,15,Grass,chance:100|effect:slp,spore
Spotlight,TRUE,0,Status,15,Normal,None,spotlight
SpringtideStorm,80,100,Special,5,Fairy,None,springtidestorm
StealthRock,TRUE,0,Status,20,Rock,None,stealthrock
SteamEruption,95,110,Special,5,Water,chance:30|effect:brn,steameruption
Steamroller,100,65,Physical,20,Bug,chance:30|effect:flinch,steamroller
SteelBeam,95,140,Special,5,Steel,None,steelbeam
SteelRoller,100,130,Physical,5,Steel,None,steelroller
SteelWing,90,70,Physical,25,Steel,None,steelwing
StickyWeb,TRUE,0,Status,20,Bug,None,stickyweb
Stockpile,TRUE,0,Status,20,Normal,None,stockpile
StokedSparksurfer,TRUE,175,Special,1,Electric,chance:100|effect:par,stokedsparksurfer
Stomp,100,65,Physical,20,Normal,chance:30|effect:flinch,stomp
StompingTantrum,100,75,Physical,10,Ground,None,stompingtantrum
StoneAxe,90,65,Physical,15,Rock,None,stoneaxe
StoneEdge,80,100,Physical,5,Rock,None,stoneedge
StoredPower,100,20,Special,10,Psychic,None,storedpower
StormThrow,100,60,Physical,10,Fighting,None,stormthrow
StrangeSteam,95,90,Special,10,Fairy,chance:20|effect:confusion,strangesteam
Strength,100,80,Physical,15,Normal,None,strength
StrengthSap,100,0,Status,10,Grass,None,strengthsap
StringShot,95,0,Status,40,Bug,None,stringshot
Struggle,TRUE,50,Physical,1,Normal,None,struggle
StruggleBug,100,50,Special,20,Bug,None,strugglebug
StuffCheeks,TRUE,0,Status,10,Normal,None,stuffcheeks
StunSpore,75,0,Status,30,Grass,chance:100|effect:par,stunspore
Submission,80,80,Physical,20,Fighting,None,submission
Substitute,TRUE,0,Status,10,Normal,None,substitute
SubzeroSlammer,TRUE,1,Physical,1,Ice,None,subzeroslammer
SuckerPunch,100,70,Physical,5,Dark,None,suckerpunch
SunnyDay,TRUE,0,Status,5,Fire,None,sunnyday
SunsteelStrike,100,100,Physical,5,Steel,None,sunsteelstrike
SuperFang,90,0,Physical,10,Normal,None,superfang
Superpower,100,120,Physical,5,Fighting,None,superpower
Supersonic,55,0,Status,20,Normal,chance:100|effect:confusion,supersonic
SupersonicSkystrike,TRUE,1,Physical,1,Flying,None,supersonicskystrike
Surf,100,90,Special,15,Water,None,surf
SurgingStrikes,100,25,Physical,5,Water,None,surgingstrikes
Swagger,85,0,Status,15,Normal,chance:100|effect:confusion,swagger
Swallow,TRUE,0,Status,10,Normal,None,swallow
SweetKiss,75,0,Status,10,Fairy,chance:100|effect:confusion,sweetkiss
SweetScent,100,0,Status,20,Normal,None,sweetscent
Swift,TRUE,60,Special,20,Normal,None,swift
Switcheroo,100,0,Status,10,Dark,None,switcheroo
SwordsDance,TRUE,0,Status,20,Normal,None,swordsdance
Synchronoise,100,120,Special,10,Psychic,None,synchronoise
Synthesis,TRUE,0,Status,5,Grass,None,synthesis
Tackle,100,40,Physical,35,Normal,None,tackle
TailGlow,TRUE,0,Status,20,Bug,None,tailglow
TailSlap,85,25,Physical,10,Normal,None,tailslap
TailWhip,100,0,Status,30,Normal,None,tailwhip
Tailwind,TRUE,0,Status,15,Flying,None,tailwind
TakeDown,85,90,Physical,20,Normal,None,takedown
TakeHeart,TRUE,0,Status,15,Psychic,None,takeheart
TarShot,100,0,Status,15,Rock,None,tarshot
Taunt,100,0,Status,20,Dark,None,taunt
TearfulLook,TRUE,0,Status,20,Normal,None,tearfullook
Teatime,TRUE,0,Status,10,Normal,None,teatime
TechnoBlast,100,120,Special,5,Normal,None,technoblast
TectonicRage,TRUE,1,Physical,1,Ground,None,tectonicrage
TeeterDance,100,0,Status,20,Normal,chance:100|effect:confusion,teeterdance
Telekinesis,TRUE,0,Status,15,Psychic,None,telekinesis
Teleport,TRUE,0,Status,20,Psychic,None,teleport
TeraBlast,100,80,Special,10,Normal,None,terablast
TerrainPulse,100,50,Special,10,Normal,None,terrainpulse
Thief,100,60,Physical,25,Dark,None,thief
ThousandArrows,100,90,Physical,10,Ground,None,thousandarrows
ThousandWaves,100,90,Physical,10,Ground,None,thousandwaves
Thrash,100,120,Physical,10,Normal,None,thrash
ThroatChop,100,80,Physical,15,Dark,None,throatchop
Thunder,70,110,Special,10,Electric,chance:30|effect:par,thunder
Thunderbolt,100,90,Special,15,Electric,chance:10|effect:par,thunderbolt
ThunderCage,90,80,Special,15,Electric,None,thundercage
ThunderFang,95,65,Physical,15,Electric,None,thunderfang
ThunderousKick,100,90,Physical,10,Fighting,None,thunderouskick
ThunderPunch,100,75,Physical,15,Electric,chance:10|effect:par,thunderpunch
ThunderShock,100,40,Special,30,Electric,chance:10|effect:par,thundershock
ThunderWave,90,0,Status,20,Electric,chance:100|effect:par,thunderwave
Tickle,100,0,Status,20,Normal,None,tickle
TidyUp,TRUE,0,Status,10,Normal,None,tidyup
Topsy-Turvy,TRUE,0,Status,20,Dark,None,topsy-turvy
TorchSong,100,80,Special,10,Fire,None,torchsong
Torment,100,0,Status,15,Dark,None,torment
Toxic,90,0,Status,10,Poison,chance:100|effect:psn,toxic
ToxicSpikes,TRUE,0,Status,20,Poison,None,toxicspikes
ToxicThread,100,0,Status,20,Poison,chance:100|effect:psn,toxicthread
Trailblaze,100,50,Physical,20,Grass,None,trailblaze
Transform,TRUE,0,Status,10,Normal,None,transform
TriAttack,100,80,Special,10,Normal,None,triattack
Trick,100,0,Status,10,Psychic,None,trick
Trick-or-Treat,100,0,Status,20,Ghost,None,trick-or-treat
TrickRoom,TRUE,0,Status,5,Psychic,None,trickroom
TripleArrows,100,90,Physical,10,Fighting,None,triplearrows
TripleAxel,90,20,Physical,10,Ice,None,tripleaxel
TripleDive,95,30,Physical,10,Water,None,tripledive
TripleKick,90,10,Physical,10,Fighting,None,triplekick
TropKick,100,70,Physical,15,Grass,None,tropkick
TrumpCard,TRUE,0,Special,5,Normal,None,trumpcard
TwinBeam,100,40,Special,10,Psychic,None,twinbeam
Twineedle,100,25,Physical,20,Bug,chance:20|effect:psn,twineedle
TwinkleTackle,TRUE,1,Physical,1,Fairy,None,twinkletackle
Twister,100,40,Special,20,Dragon,chance:20|effect:flinch,twister
U-turn,100,70,Physical,20,Bug,None,u-turn
Uproar,100,90,Special,10,Normal,None,uproar
VacuumWave,100,40,Special,30,Fighting,None,vacuumwave
V-create,95,180,Physical,5,Fire,None,v-create
VeeveeVolley,TRUE,0,Physical,20,Normal,None,veeveevolley
VenomDrench,100,0,Status,20,Poison,None,venomdrench
Venoshock,100,65,Special,10,Poison,None,venoshock
VictoryDance,TRUE,0,Status,10,Fighting,None,victorydance
VineWhip,100,45,Physical,25,Grass,None,vinewhip
ViseGrip,100,55,Physical,30,Normal,None,visegrip
VitalThrow,TRUE,70,Physical,10,Fighting,None,vitalthrow
VoltSwitch,100,70,Special,20,Electric,None,voltswitch
VoltTackle,100,120,Physical,15,Electric,chance:10|effect:par,volttackle
Wake-UpSlap,100,70,Physical,10,Fighting,None,wake-upslap
Waterfall,100,80,Physical,15,Water,chance:20|effect:flinch,waterfall
WaterGun,100,40,Special,25,Water,None,watergun
WaterPledge,100,80,Special,10,Water,None,waterpledge
WaterPulse,100,60,Special,20,Water,chance:20|effect:confusion,waterpulse
WaterShuriken,100,15,Special,20,Water,None,watershuriken
WaterSport,TRUE,0,Status,15,Water,None,watersport
WaterSpout,100,150,Special,5,Water,None,waterspout
WaveCrash,100,120,Physical,10,Water,None,wavecrash
WeatherBall,100,50,Special,10,Normal,None,weatherball
Whirlpool,85,35,Special,15,Water,None,whirlpool
Whirlwind,TRUE,0,Status,20,Normal,None,whirlwind
WickedBlow,100,75,Physical,5,Dark,None,wickedblow
WickedTorque,100,80,Physical,10,Dark,chance:10|effect:slp,wickedtorque
WideGuard,TRUE,0,Status,10,Rock,None,wideguard
WildboltStorm,80,100,Special,10,Electric,chance:20|effect:par,wildboltstorm
WildCharge,100,90,Physical,15,Electric,None,wildcharge
Will-O-Wisp,85,0,Status,15,Fire,chance:100|effect:brn,will-o-wisp
WingAttack,100,60,Physical,35,Flying,None,wingattack
Wish,TRUE,0,Status,10,Normal,None,wish
Withdraw,TRUE,0,Status,40,Water,None,withdraw
WonderRoom,TRUE,0,Status,10,Psychic,None,wonderroom
WoodHammer,100,120,Physical,15,Grass,None,woodhammer
WorkUp,TRUE,0,Status,30,Normal,None,workup
WorrySeed,100,0,Status,10,Grass,None,worryseed
Wrap,90,15,Physical,20,Normal,None,wrap
WringOut,100,0,Special,5,Normal,None,wringout
X-Scissor,100,80,Physical,15,Bug,None,x-scissor
Yawn,TRUE,0,Status,10,Normal,None,yawn
ZapCannon,50,120,Special,5,Electric,chance:100|effect:par,zapcannon
ZenHeadbutt,90,80,Physical,15,Psychic,chance:20|effect:flinch,zenheadbutt
ZingZap,100,80,Physical,10,Electric,chance:30|effect:flinch,zingzap
ZippyZap,100,80,Physical,10,Electric,None,zippyzap
